StateAbbr,StateDesc,CountyName,CountyFIPS,TractFIPS,TotalPopulation,ACCESS2_CrudePrev,ACCESS2_Crude95CI,ARTHRITIS_CrudePrev,ARTHRITIS_Crude95CI,BINGE_CrudePrev,BINGE_Crude95CI,BPHIGH_CrudePrev,BPHIGH_Crude95CI,BPMED_CrudePrev,BPMED_Crude95CI,CANCER_CrudePrev,CANCER_Crude95CI,CASTHMA_CrudePrev,CASTHMA_Crude95CI,CERVICAL_CrudePrev,CERVICAL_Crude95CI,CHD_CrudePrev,CHD_Crude95CI,CHECKUP_CrudePrev,CHECKUP_Crude95CI,CHOLSCREEN_CrudePrev,CHOLSCREEN_Crude95CI,COLON_SCREEN_CrudePrev,COLON_SCREEN_Crude95CI,COPD_CrudePrev,COPD_Crude95CI,COREM_CrudePrev,COREM_Crude95CI,COREW_CrudePrev,COREW_Crude95CI,CSMOKING_CrudePrev,CSMOKING_Crude95CI,DENTAL_CrudePrev,DENTAL_Crude95CI,DEPRESSION_CrudePrev,DEPRESSION_Crude95CI,DIABETES_CrudePrev,DIABETES_Crude95CI,GHLTH_CrudePrev,GHLTH_Crude95CI,HIGHCHOL_CrudePrev,HIGHCHOL_Crude95CI,KIDNEY_CrudePrev,KIDNEY_Crude95CI,LPA_CrudePrev,LPA_Crude95CI,MAMMOUSE_CrudePrev,MAMMOUSE_Crude95CI,MHLTH_CrudePrev,MHLTH_Crude95CI,OBESITY_CrudePrev,OBESITY_Crude95CI,PHLTH_CrudePrev,PHLTH_Crude95CI,SLEEP_CrudePrev,SLEEP_Crude95CI,STROKE_CrudePrev,STROKE_Crude95CI,TEETHLOST_CrudePrev,TEETHLOST_Crude95CI,Geolocation,States,Counties
OR,Oregon,Marion,41047,41047010802,6040,11.8,"(10.0, 13.7)",25.2,"(24.1, 26.3)",15.2,"(14.9, 15.6)",31.9,"(31.1, 32.7)",70.9,"(70.1, 71.7)",6.7,"( 6.4,  7.0)",10.9,"(10.5, 11.5)",83.9,"(82.5, 85.4)",6.4,"( 5.9,  6.9)",73.9,"(73.0, 74.7)",86.1,"(85.8, 86.4)",74.9,"(73.1, 76.7)",7.3,"( 6.4,  8.3)",46.8,"(42.1, 51.7)",48.6,"(44.0, 52.8)",17.0,"(15.2, 18.9)",64.9,"(61.7, 68.0)",24.7,"(23.6, 25.9)",9.9,"( 9.3, 10.6)",15.4,"(13.6, 17.4)",29.0,"(28.4, 29.5)",2.9,"( 2.7,  3.1)",20.1,"(18.7, 21.7)",77.8,"(74.7, 80.5)",15.6,"(14.6, 16.6)",34.6,"(33.3, 35.8)",10.9,"( 9.9, 12.0)",30.7,"(29.5, 31.9)",3.1,"( 2.8,  3.4)",13.1,"(10.3, 16.2)",POINT (-123.0430756 44.7632058),12,2409
OR,Oregon,Marion,41047,41047001502,5253,15.2,"(13.0, 17.5)",21.7,"(20.7, 22.6)",16.3,"(15.7, 17.0)",28.1,"(27.1, 29.1)",66.3,"(65.0, 67.5)",5.5,"( 5.2,  5.7)",11.1,"(10.6, 11.7)",83.0,"(81.0, 84.9)",5.3,"( 4.8,  5.7)",71.6,"(70.7, 72.5)",84.0,"(82.7, 85.4)",72.9,"(70.2, 75.6)",6.4,"( 5.6,  7.3)",45.8,"(38.0, 53.4)",46.6,"(39.1, 53.5)",17.8,"(15.4, 20.3)",62.1,"(58.7, 65.2)",25.2,"(24.0, 26.4)",8.8,"( 8.2,  9.4)",15.4,"(13.8, 17.3)",25.7,"(24.9, 26.5)",2.6,"( 2.4,  2.7)",21.1,"(19.2, 23.5)",77.3,"(73.7, 80.4)",16.8,"(15.8, 17.9)",35.0,"(33.6, 36.1)",10.5,"( 9.6, 11.4)",31.9,"(30.6, 33.1)",2.7,"( 2.4,  3.0)",14.9,"(10.1, 20.6)",POINT (-123.0106099 44.99768375),12,2409
OR,Oregon,Marion,41047,41047010503,3870,12.3,"(10.3, 14.6)",27.7,"(26.3, 29.1)",14.2,"(13.8, 14.6)",34.3,"(33.3, 35.3)",73.1,"(72.3, 74.0)",7.3,"( 7.0,  7.7)",11.3,"(10.7, 12.0)",82.7,"(80.8, 84.5)",7.4,"( 6.6,  8.1)",74.9,"(73.9, 75.8)",86.4,"(85.6, 87.3)",73.5,"(71.4, 75.6)",8.6,"( 7.2, 10.0)",45.3,"(39.1, 50.9)",46.6,"(41.1, 51.8)",17.8,"(15.8, 19.9)",62.2,"(58.3, 66.0)",25.2,"(23.8, 26.7)",11.1,"(10.1, 12.0)",17.6,"(15.0, 20.3)",30.2,"(29.5, 30.9)",3.4,"( 3.1,  3.6)",22.0,"(20.1, 23.8)",77.3,"(73.2, 80.9)",16.0,"(14.7, 17.2)",35.2,"(33.6, 36.7)",12.2,"(10.8, 13.6)",30.7,"(29.1, 32.2)",3.7,"( 3.2,  4.2)",15.4,"(11.2, 19.9)",POINT (-122.7919617 44.96140176),12,2409
OR,Oregon,Marion,41047,41047010306,9060,29.2,"(24.2, 34.0)",25.9,"(24.8, 26.8)",13.0,"(12.4, 13.6)",33.8,"(32.6, 34.8)",70.7,"(69.5, 72.1)",6.4,"( 6.0,  6.8)",11.6,"(11.0, 12.2)",77.9,"(75.1, 80.8)",8.4,"( 7.5,  9.3)",72.5,"(71.4, 73.6)",81.8,"(81.6, 82.0)",67.7,"(65.1, 70.5)",9.5,"( 8.1, 10.9)",37.4,"(29.3, 46.6)",35.1,"(27.3, 44.6)",19.6,"(17.0, 22.0)",47.8,"(43.4, 52.4)",24.2,"(23.0, 25.6)",13.4,"(12.5, 14.3)",27.1,"(23.9, 30.4)",28.0,"(27.0, 29.1)",4.1,"( 3.8,  4.6)",32.9,"(29.7, 36.1)",75.4,"(72.1, 79.0)",17.6,"(16.4, 18.9)",38.9,"(37.6, 40.1)",15.2,"(13.7, 16.7)",32.3,"(31.0, 33.5)",4.6,"( 3.9,  5.3)",27.4,"(17.2, 37.5)",POINT (-122.8731669 45.14279243),12,2409
OR,Oregon,Marion,41047,41047000200,3233,9.4,"( 7.3, 12.8)",16.2,"(15.4, 17.1)",17.8,"(16.7, 19.0)",21.6,"(20.6, 22.6)",64.2,"(62.3, 66.1)",4.5,"( 4.3,  4.8)",11.3,"(10.5, 12.4)",78.8,"(75.0, 82.5)",4.0,"( 3.6,  4.4)",71.7,"(70.1, 73.2)",78.9,"(78.9, 78.9)",75.9,"(73.2, 78.3)",4.5,"( 3.9,  5.2)",48.3,"(40.7, 55.3)",47.3,"(40.8, 53.2)",11.2,"( 8.8, 13.9)",69.5,"(64.3, 73.7)",25.5,"(23.4, 28.0)",6.2,"( 5.7,  6.6)",10.5,"( 9.0, 12.5)",20.7,"(19.9, 21.6)",2.0,"( 1.9,  2.2)",15.1,"(12.9, 18.0)",79.1,"(75.6, 82.1)",17.4,"(15.1, 19.7)",27.4,"(25.6, 29.2)",7.7,"( 6.8,  8.6)",28.0,"(25.7, 30.1)",2.0,"( 1.7,  2.2)",10.7,"( 6.6, 16.2)",POINT (-123.0345958 44.94219556),12,2409
OR,Oregon,Marion,41047,41047002502,5033,15.9,"(14.1, 17.8)",29.9,"(28.8, 31.0)",13.2,"(12.9, 13.4)",37.0,"(36.2, 37.6)",75.2,"(74.6, 75.8)",8.2,"( 7.8,  8.6)",11.0,"(10.6, 11.5)",81.7,"(80.4, 82.9)",8.6,"( 7.9,  9.4)",75.7,"(75.0, 76.3)",87.0,"(86.8, 87.3)",74.7,"(73.1, 76.2)",9.4,"( 8.3, 10.6)",44.4,"(39.9, 48.7)",44.7,"(41.0, 48.6)",17.7,"(16.3, 18.8)",60.4,"(57.5, 63.0)",24,"(23.1, 24.9)",12.6,"(11.8, 13.3)",19.8,"(17.8, 21.9)",31.9,"(31.4, 32.5)",3.8,"( 3.5,  4.1)",24.8,"(23.5, 26.2)",75.8,"(72.8, 78.9)",15.4,"(14.7, 16.1)",35.5,"(34.5, 36.4)",13.1,"(12.0, 14.2)",30.7,"(29.8, 31.6)",4.3,"( 3.8,  4.7)",17.2,"(14.0, 20.8)",POINT (-122.9770985 45.05087646),12,2409
OR,Oregon,Marion,41047,41047000600,4858,12.4,"(10.5, 14.6)",24.8,"(23.4, 26.1)",15.2,"(14.6, 15.9)",31.2,"(30.0, 32.4)",69.9,"(68.5, 71.2)",6.4,"( 6.0,  6.7)",11.3,"(10.8, 11.9)",82.8,"(80.4, 85.2)",6.1,"( 5.5,  6.7)",73.6,"(72.7, 74.5)",85.2,"(85.2, 85.3)",72.6,"(69.4, 75.6)",7.4,"( 6.2,  8.6)",44.9,"(37.1, 52.5)",44.0,"(36.3, 51.9)",17.7,"(14.9, 20.6)",62.4,"(58.6, 65.9)",25.2,"(23.9, 26.5)",9.8,"( 9.0, 10.6)",16.3,"(14.2, 18.7)",27.6,"(26.7, 28.4)",3.0,"( 2.7,  3.2)",21.3,"(18.9, 23.9)",77.9,"(74.1, 81.4)",16.4,"(15.2, 17.6)",35.2,"(33.8, 36.7)",11.3,"(10.1, 12.6)",31.4,"(29.9, 32.8)",3.2,"( 2.8,  3.6)",15.0,"( 9.3, 22.2)",POINT (-123.0136504 44.94684609),12,2409
OR,Oregon,Marion,41047,41047002301,3176,9.3,"( 7.7, 11.1)",21.4,"(20.1, 22.6)",16.8,"(16.1, 17.4)",27.0,"(25.9, 28.2)",67.1,"(65.7, 68.5)",6.0,"( 5.7,  6.3)",10.7,"(10.1, 11.3)",85.3,"(83.2, 87.2)",4.7,"( 4.3,  5.2)",72.8,"(71.8, 73.7)",86.7,"(86.3, 87.0)",75.8,"(73.0, 78.3)",5.4,"( 4.5,  6.3)",50.6,"(43.3, 58.1)",51.3,"(45.0, 57.3)",14.3,"(11.8, 16.9)",70.2,"(66.5, 73.6)",24.7,"(23.3, 26.1)",7.7,"( 7.0,  8.3)",11.4,"( 9.8, 13.3)",26.0,"(25.2, 26.9)",2.3,"( 2.1,  2.5)",16.2,"(14.3, 18.2)",78.4,"(74.4, 81.9)",15.4,"(14.2, 16.7)",31.9,"(30.3, 33.5)",8.8,"( 7.8,  9.9)",30.1,"(28.5, 31.6)",2.3,"( 2.0,  2.6)",9.8,"( 6.8, 13.8)",POINT (-123.0721172 44.87050487),12,2409
OR,Oregon,Marion,41047,41047001401,5666,11.1,"( 9.2, 13.2)",27.2,"(25.7, 28.6)",13.9,"(13.3, 14.4)",33.4,"(32.0, 34.7)",74.0,"(72.8, 75.2)",8.0,"( 7.6,  8.4)",10.6,"(10.1, 11.2)",84.5,"(82.1, 86.7)",7.0,"( 6.3,  7.7)",75.7,"(74.8, 76.6)",88.0,"(87.0, 89.0)",77.2,"(74.6, 79.6)",7.2,"( 6.1,  8.6)",48.7,"(40.6, 56.6)",49.1,"(41.5, 56.4)",14.5,"(12.0, 17.0)",67.6,"(64.1, 71.1)",23.6,"(22.3, 24.9)",10.3,"( 9.4, 11.1)",14.7,"(12.8, 17.0)",30.2,"(29.3, 31.2)",3.2,"( 2.9,  3.4)",19.7,"(17.4, 22.2)",77.5,"(73.6, 81.0)",14.5,"(13.5, 15.6)",32.6,"(31.2, 34.1)",10.5,"( 9.4, 11.8)",29.4,"(28.0, 30.7)",3.3,"( 2.9,  3.8)",12.2,"( 7.5, 17.8)",POINT (-123.0497584 45.00510018),12,2409
OR,Oregon,Marion,41047,41047010702,6375,10.0,"( 8.8, 11.4)",29.0,"(27.9, 30.1)",13.9,"(13.5, 14.2)",35.2,"(34.3, 36.0)",75.0,"(74.2, 75.8)",8.9,"( 8.5,  9.3)",10.5,"(10.2, 10.9)",84.8,"(83.5, 86.1)",7.8,"( 7.2,  8.4)",76.4,"(75.8, 77.0)",88.9,"(88.6, 89.1)",76.5,"(75.1, 78.0)",7.7,"( 6.8,  8.6)",49.0,"(43.7, 54.3)",46.9,"(41.4, 52.4)",14.7,"(13.5, 16.1)",68.3,"(65.8, 70.6)",23.4,"(22.6, 24.2)",10.4,"( 9.7, 11.0)",14.9,"(13.3, 16.6)",31.2,"(30.6, 31.8)",3.4,"( 3.1,  3.6)",19.8,"(18.2, 21.4)",76.8,"(74.2, 79.0)",14.3,"(13.6, 14.9)",32.0,"(31.0, 33.0)",10.8,"(10.0, 11.8)",29.1,"(28.2, 30.2)",3.7,"( 3.2,  4.1)",12.6,"( 9.2, 16.8)",POINT (-122.7602558 44.83861067),12,2409
OR,Oregon,Marion,41047,41047001802,7686,17.2,"(14.8, 19.5)",20.6,"(19.7, 21.4)",16.1,"(15.7, 16.6)",27.3,"(26.6, 28.0)",64.1,"(63.3, 65.0)",4.8,"( 4.6,  5.0)",11.7,"(11.2, 12.2)",81.3,"(79.8, 82.8)",4.9,"( 4.5,  5.3)",71.0,"(70.1, 71.9)",81.8,"(81.6, 81.9)",70.9,"(68.8, 73.1)",6.5,"( 5.7,  7.3)",42.3,"(37.4, 47.3)",44.9,"(40.3, 49.5)",19.0,"(17.5, 20.7)",58.6,"(55.2, 61.8)",26,"(24.8, 27.1)",9.0,"( 8.5,  9.5)",17.1,"(15.4, 19.1)",24.6,"(24.1, 25.2)",2.5,"( 2.4,  2.7)",22.8,"(21.3, 24.2)",77.1,"(73.2, 80.3)",18.0,"(17.0, 19.1)",36.2,"(35.1, 37.2)",11.0,"(10.1, 12.0)",32.9,"(31.8, 33.9)",2.7,"( 2.4,  2.9)",16.2,"(12.6, 20.0)",POINT (-122.9511205 44.91719488),12,2409
OR,Oregon,Marion,41047,41047010303,4834,19.6,"(17.4, 21.8)",19.3,"(18.8, 19.9)",16.6,"(16.2, 17.0)",26.3,"(25.8, 26.8)",64.4,"(63.6, 65.1)",4.8,"( 4.7,  5.0)",10.4,"(10.1, 10.8)",82.6,"(81.5, 83.8)",4.8,"( 4.5,  5.0)",70.5,"(69.7, 71.1)",83.6,"(83.6, 83.7)",71.9,"(70.5, 73.4)",5.5,"( 5.0,  5.9)",44.4,"(40.4, 48.6)",46.8,"(43.0, 50.3)",16.2,"(15.1, 17.3)",61.5,"(59.3, 64.0)",23.5,"(22.7, 24.2)",8.8,"( 8.4,  9.2)",15.7,"(14.4, 17.0)",24.7,"(24.3, 25.2)",2.4,"( 2.3,  2.5)",22.2,"(21.0, 23.5)",76.7,"(74.4, 78.9)",16.3,"(15.6, 16.9)",35.1,"(34.2, 35.9)",10.0,"( 9.4, 10.6)",31.5,"(30.7, 32.3)",2.4,"( 2.2,  2.6)",14.5,"(12.0, 17.5)",POINT (-122.9007267 45.13080912),12,2409
OR,Oregon,Marion,41047,41047001000,3870,16.5,"(14.4, 18.6)",25.3,"(24.3, 26.3)",14.9,"(14.3, 15.4)",32.6,"(31.8, 33.5)",69.9,"(68.8, 70.9)",6.2,"( 5.8,  6.5)",11.9,"(11.4, 12.5)",79.1,"(76.8, 81.3)",7.2,"( 6.6,  7.7)",73.2,"(72.3, 74.1)",82.6,"(82.5, 82.7)",69.9,"(66.8, 72.6)",8.8,"( 7.8,  9.8)",42.0,"(34.2, 49.6)",41.9,"(35.2, 49.1)",20.1,"(18.0, 22.2)",55.6,"(52.5, 58.5)",25.9,"(24.8, 27.1)",11.2,"(10.6, 11.9)",20.4,"(18.4, 22.6)",27.6,"(26.9, 28.4)",3.4,"( 3.2,  3.6)",25.3,"(23.3, 27.3)",75.5,"(72.0, 78.4)",17.9,"(17.0, 18.9)",37.1,"(36.0, 38.1)",13.1,"(12.1, 14.2)",32.7,"(31.7, 33.6)",3.8,"( 3.4,  4.2)",20.4,"(14.3, 28.1)",POINT (-123.0077394 44.90847446),12,2409
OR,Oregon,Marion,41047,41047001603,6964,16.5,"(14.1, 18.9)",22.6,"(21.6, 23.5)",15.3,"(14.9, 15.7)",29.2,"(28.5, 29.9)",67.8,"(67.0, 68.7)",5.8,"( 5.5,  6.0)",11.0,"(10.5, 11.5)",82.2,"(80.6, 83.5)",5.6,"( 5.2,  6.1)",72.1,"(71.1, 73.0)",84.6,"(84.4, 84.8)",72.9,"(70.9, 74.9)",6.7,"( 5.8,  7.6)",44.8,"(39.7, 49.6)",46.2,"(41.1, 51.0)",17.4,"(15.9, 18.9)",61.6,"(58.2, 64.8)",24.7,"(23.6, 25.8)",9.7,"( 9.1, 10.3)",16.4,"(14.5, 18.4)",27.0,"(26.5, 27.6)",2.7,"( 2.5,  2.9)",22.3,"(20.9, 23.7)",76.6,"(72.8, 80.0)",16.5,"(15.6, 17.5)",34.1,"(33.1, 35.2)",10.8,"( 9.9, 11.8)",31.8,"(30.8, 32.7)",2.9,"( 2.6,  3.2)",14.8,"(11.3, 18.4)",POINT (-122.9473911 44.97495842),12,2409
OR,Oregon,Marion,41047,41047002102,6067,10.2,"( 8.7, 11.9)",25.3,"(24.2, 26.5)",15.0,"(14.5, 15.5)",31.2,"(30.1, 32.3)",72.0,"(70.8, 73.2)",7.3,"( 7.0,  7.7)",10.8,"(10.4, 11.3)",83.6,"(81.6, 85.5)",6.3,"( 5.7,  6.8)",74.7,"(73.9, 75.4)",85.9,"(85.5, 86.4)",76.3,"(74.0, 78.5)",6.7,"( 5.8,  7.8)",49.1,"(41.7, 56.1)",48.2,"(41.4, 54.7)",14.9,"(12.7, 17.3)",67.7,"(64.7, 70.4)",24.2,"(23.2, 25.3)",9.3,"( 8.6,  9.9)",13.8,"(12.2, 15.5)",28.4,"(27.6, 29.1)",2.9,"( 2.7,  3.1)",18.8,"(16.9, 21.0)",78.0,"(74.7, 81.1)",15.2,"(14.3, 16.1)",32.4,"(31.1, 33.7)",10.1,"( 9.1, 11.1)",29.9,"(28.6, 31.2)",3.1,"( 2.7,  3.4)",11.9,"( 8.0, 16.8)",POINT (-123.0463438 44.8898987),12,2409
OR,Oregon,Marion,41047,41047001703,4337,14.5,"(12.8, 16.2)",26.0,"(25.1, 26.9)",14.5,"(14.2, 14.8)",32.6,"(31.9, 33.2)",71.9,"(71.2, 72.5)",7.2,"( 6.9,  7.5)",10.9,"(10.5, 11.3)",82.8,"(81.5, 84.0)",6.8,"( 6.3,  7.3)",74.1,"(73.5, 74.8)",86.4,"(86.2, 86.5)",74.6,"(73.2, 76.1)",7.5,"( 6.8,  8.3)",46.9,"(42.4, 51.5)",47.2,"(42.8, 51.2)",16.8,"(15.5, 18.2)",63.6,"(61.1, 66.1)",24.2,"(23.3, 25.1)",10.4,"( 9.8, 10.9)",16.4,"(14.9, 18.0)",29.4,"(28.9, 29.9)",3.1,"( 2.9,  3.3)",22.0,"(20.8, 23.2)",76.3,"(73.6, 78.8)",15.6,"(14.9, 16.4)",34.1,"(33.2, 35.1)",11.2,"(10.4, 12.0)",30.8,"(29.9, 31.7)",3.3,"( 3.0,  3.6)",14.7,"(11.8, 18.1)",POINT (-122.9495445 44.94230956),12,2409
OR,Oregon,Marion,41047,41047002800,3852,8.6,"( 7.0, 10.6)",26.9,"(25.2, 28.5)",14.2,"(13.8, 14.7)",33.3,"(32.1, 34.5)",73.6,"(72.6, 74.7)",7.8,"( 7.4,  8.3)",10.5,"(10.0, 11.2)",85.4,"(83.4, 87.4)",6.6,"( 5.9,  7.4)",76.0,"(75.1, 76.9)",89.6,"(89.5, 89.7)",76.3,"(73.9, 78.7)",6.8,"( 5.5,  8.3)",49.6,"(43.4, 55.6)",50.1,"(44.7, 55.0)",13.7,"(11.5, 16.0)",70.1,"(66.2, 73.7)",23.3,"(21.9, 24.8)",10.0,"( 9.1, 11.0)",13.5,"(11.2, 16.1)",30.7,"(30.0, 31.5)",3.0,"( 2.8,  3.3)",17.6,"(15.7, 19.6)",79.1,"(74.9, 82.5)",13.9,"(12.7, 15.2)",32.8,"(30.9, 34.5)",10.2,"( 8.8, 11.6)",28.9,"(27.2, 30.5)",3.1,"( 2.7,  3.6)",10.3,"( 7.2, 14.2)",POINT (-123.0900684 44.84312642),12,2409
OR,Oregon,Marion,41047,41047010502,5953,9.9,"( 8.2, 11.6)",22.5,"(21.3, 23.8)",16.1,"(15.6, 16.7)",28.1,"(26.9, 29.3)",69.2,"(67.8, 70.5)",6.6,"( 6.2,  6.9)",10.4,"( 9.9, 11.0)",85.5,"(83.2, 87.6)",5.1,"( 4.6,  5.7)",73.5,"(72.6, 74.4)",87.2,"(87.0, 87.3)",77.4,"(74.7, 79.9)",5.5,"( 4.7,  6.4)",50.3,"(42.9, 57.1)",51.0,"(43.9, 57.7)",13.9,"(11.4, 16.4)",70.5,"(67.2, 73.5)",24.1,"(22.8, 25.3)",8.0,"( 7.3,  8.6)",11.7,"(10.1, 13.5)",26.8,"(26.0, 27.6)",2.4,"( 2.3,  2.6)",16.8,"(14.8, 18.8)",78.0,"(74.4, 81.4)",14.9,"(13.8, 16.0)",31.8,"(30.3, 33.3)",8.9,"( 7.9,  9.9)",29.4,"(27.9, 30.9)",2.5,"( 2.2,  2.8)",10.0,"( 6.5, 14.3)",POINT (-122.7714752 45.0047693),12,2409
OR,Oregon,Marion,41047,41047002303,7142,10.4,"( 8.5, 12.4)",24.3,"(23.0, 25.7)",15.2,"(14.6, 15.8)",30.6,"(29.2, 31.8)",70.0,"(68.7, 71.3)",6.5,"( 6.2,  6.8)",11.2,"(10.6, 11.8)",83.4,"(80.9, 85.8)",5.9,"( 5.3,  6.5)",73.9,"(72.9, 74.9)",85.5,"(85.3, 85.7)",74.2,"(71.0, 77.3)",6.8,"( 5.8,  7.9)",46.8,"(38.9, 54.6)",47.1,"(40.1, 53.9)",16.2,"(13.5, 19.2)",65.5,"(61.5, 69.0)",25,"(23.7, 26.5)",9.3,"( 8.6, 10.0)",14.5,"(12.6, 16.7)",27.6,"(26.7, 28.5)",2.8,"( 2.6,  3.0)",19.3,"(16.9, 21.5)",78.1,"(74.2, 81.7)",15.9,"(14.7, 17.2)",33.7,"(32.2, 35.2)",10.5,"( 9.4, 11.7)",30.8,"(29.3, 32.3)",3.0,"( 2.6,  3.4)",12.9,"( 8.1, 18.9)",POINT (-123.0449627 44.87732937),12,2409
OR,Oregon,Marion,41047,41047000300,5014,16.6,"(13.9, 19.4)",21.5,"(20.4, 22.6)",16.1,"(15.5, 16.7)",28.4,"(27.2, 29.5)",64.9,"(63.5, 66.3)",4.8,"( 4.6,  5.0)",12.0,"(11.4, 12.6)",80.3,"(77.7, 82.8)",5.3,"( 4.9,  5.9)",71.1,"(70.0, 72.3)",82.1,"(81.9, 82.2)",68.4,"(64.6, 72.1)",7.3,"( 6.1,  8.4)",41.4,"(33.9, 48.7)",42.5,"(34.9, 50.5)",19.9,"(16.9, 22.9)",56.8,"(52.6, 60.9)",26.6,"(25.1, 28.0)",9.5,"( 8.9, 10.3)",18.5,"(16.1, 21.1)",25.1,"(24.3, 25.9)",2.8,"( 2.6,  3.0)",23.4,"(20.9, 26.0)",77.3,"(73.3, 81.2)",18.3,"(16.9, 19.7)",36.8,"(35.4, 38.1)",11.9,"(10.7, 13.2)",32.6,"(31.1, 33.9)",2.9,"( 2.6,  3.3)",18.2,"(11.8, 25.4)",POINT (-123.0265195 44.95700149),12,2409
OR,Oregon,Marion,41047,41047001503,5410,17.6,"(15.5, 20.0)",23.0,"(22.0, 23.9)",15.3,"(14.7, 15.9)",30.0,"(29.0, 30.9)",67.3,"(66.1, 68.5)",5.4,"( 5.1,  5.6)",11.7,"(11.2, 12.3)",80.8,"(78.8, 82.8)",5.9,"( 5.5,  6.4)",72.2,"(71.2, 73.1)",82.7,"(82.6, 82.9)",70.2,"(67.2, 72.9)",7.5,"( 6.7,  8.5)",42.2,"(35.5, 49.2)",42.9,"(35.9, 49.9)",19.4,"(17.0, 21.9)",56.6,"(53.4, 59.6)",25.8,"(24.7, 27.0)",10.3,"( 9.8, 10.9)",19.1,"(17.1, 21.2)",26.0,"(25.2, 26.7)",3.0,"( 2.8,  3.2)",24.6,"(22.6, 27.0)",76.6,"(73.3, 79.7)",17.8,"(16.8, 18.8)",37.8,"(36.7, 38.9)",12.2,"(11.2, 13.2)",32.9,"(31.8, 33.9)",3.2,"( 2.9,  3.5)",18.4,"(13.0, 25.2)",POINT (-123.0183675 44.98536036),12,2409
OR,Oregon,Marion,41047,41047001300,4040,7.6,"( 6.3,  9.0)",22.1,"(20.7, 23.4)",15.9,"(15.3, 16.5)",27.7,"(26.5, 29.0)",69.5,"(68.2, 71.0)",6.5,"( 6.2,  6.8)",10.5,"(10.0, 11.1)",85.1,"(82.8, 87.1)",4.9,"( 4.4,  5.5)",74.2,"(73.3, 75.1)",87.9,"(87.4, 88.4)",77.5,"(74.9, 80.0)",5.1,"( 4.2,  6.1)",51.1,"(43.5, 58.7)",52.2,"(44.6, 58.9)",11.7,"( 9.4, 14.3)",72.5,"(69.5, 75.3)",23.7,"(22.3, 25.0)",7.8,"( 7.1,  8.6)",10.7,"( 9.2, 12.3)",26.6,"(25.8, 27.4)",2.4,"( 2.3,  2.6)",14.8,"(12.9, 16.9)",80.1,"(76.6, 83.1)",14.3,"(13.1, 15.5)",31.2,"(29.5, 32.9)",8.4,"( 7.4,  9.4)",28.5,"(26.8, 30.1)",2.3,"( 2.1,  2.7)",8.1,"( 4.7, 11.9)",POINT (-123.0601519 44.92378001),12,2409
OR,Oregon,Marion,41047,41047010600,2471,9.8,"( 9.0, 10.6)",27.8,"(27.1, 28.5)",14.7,"(14.4, 14.9)",34.7,"(34.0, 35.3)",73.4,"(72.8, 73.9)",7.8,"( 7.6,  8.1)",10.5,"(10.3, 10.8)",84.7,"(83.8, 85.7)",7.1,"( 6.8,  7.4)",75.5,"(75.1, 75.9)",88.7,"(88.7, 88.7)",75.8,"(74.6, 76.9)",7.5,"( 7.0,  8.1)",48.2,"(45.0, 51.7)",49.5,"(45.8, 52.9)",16.2,"(15.0, 17.2)",67.8,"(66.1, 69.3)",23.5,"(23.0, 24.1)",10.5,"(10.1, 10.9)",14.7,"(13.8, 15.7)",31.4,"(30.9, 31.8)",3.1,"( 3.0,  3.2)",19.3,"(18.3, 20.3)",77.1,"(75.4, 78.8)",14.4,"(14.0, 14.9)",33.9,"(33.2, 34.7)",10.9,"(10.4, 11.5)",30.2,"(29.5, 30.9)",3.3,"( 3.1,  3.5)",11.8,"(10.0, 14.0)",POINT (-122.1239673 44.79805518),12,2409
OR,Oregon,Marion,41047,41047002600,2030,9.3,"( 8.2, 10.5)",24.9,"(24.0, 25.7)",15.6,"(15.3, 16.0)",30.9,"(30.1, 31.7)",71.9,"(71.1, 72.8)",7.5,"( 7.3,  7.8)",10.2,"( 9.9, 10.5)",85.5,"(83.9, 86.8)",6.1,"( 5.7,  6.5)",74.7,"(74.1, 75.2)",88.4,"(88.1, 88.7)",77.4,"(75.7, 79.0)",6.1,"( 5.5,  6.7)",50.9,"(45.9, 55.6)",51.4,"(47.1, 55.9)",13.4,"(11.9, 14.9)",71.3,"(69.4, 73.3)",23.3,"(22.6, 24.0)",8.8,"( 8.3,  9.2)",12.1,"(11.0, 13.3)",29.2,"(28.6, 29.8)",2.7,"( 2.6,  2.8)",16.9,"(15.6, 18.1)",77.7,"(75.4, 79.9)",14.1,"(13.5, 14.8)",31.5,"(30.6, 32.5)",9.3,"( 8.6, 10.0)",28.9,"(28.0, 29.8)",2.8,"( 2.6,  3.0)",10.0,"( 7.5, 12.9)",POINT (-122.8805393 44.99329542),12,2409
OR,Oregon,Marion,41047,41047010307,5724,13.3,"(11.1, 15.7)",33.1,"(31.3, 34.8)",11.0,"(10.7, 11.4)",39.8,"(38.2, 41.5)",79.6,"(78.5, 80.7)",10.7,"(10.0, 11.3)",10.0,"( 9.5, 10.6)",83.9,"(81.4, 86.0)",9.5,"( 8.4, 10.7)",79.3,"(78.6, 80.0)",91.0,"(90.8, 91.2)",79.3,"(77.0, 81.3)",8.6,"( 6.9, 10.3)",48.6,"(40.1, 56.3)",48.4,"(41.4, 55.9)",12.1,"(10.1, 14.1)",68.0,"(64.3, 71.7)",21,"(19.8, 22.2)",13.0,"(11.8, 14.2)",17,"(14.3, 19.9)",34.5,"(33.4, 35.6)",4.1,"( 3.8,  4.6)",21.9,"(19.1, 24.9)",76.9,"(73.1, 80.5)",12.5,"(11.5, 13.3)",32.3,"(30.9, 33.8)",11.7,"(10.2, 13.2)",27.5,"(26.1, 28.8)",4.4,"( 3.7,  5.2)",12.4,"( 7.4, 18.7)",POINT (-122.8652895 45.15856132),12,2409
OR,Oregon,Marion,41047,41047000701,8135,19.4,"(16.7, 22.6)",22.7,"(21.7, 23.6)",16.6,"(15.9, 17.3)",33.1,"(31.9, 34.2)",65.1,"(63.8, 66.5)",4.6,"( 4.4,  4.9)",11.2,"(10.7, 11.8)",78.3,"(76.1, 80.7)",6.7,"( 6.2,  7.3)",70.5,"(69.4, 71.6)",79.4,"(78.9, 80.0)",66.4,"(62.8, 69.6)",8.8,"( 7.7,  9.9)",38.2,"(31.5, 44.7)",39.5,"(32.9, 46.3)",24.7,"(21.6, 27.6)",48.2,"(44.6, 51.7)",24.5,"(23.3, 25.7)",11.7,"(11.1, 12.5)",22.9,"(20.6, 25.3)",26.3,"(25.5, 27.2)",3.2,"( 3.0,  3.5)",27.4,"(25.0, 29.8)",76.8,"(73.4, 80.1)",17.9,"(16.7, 18.9)",41.3,"(39.9, 42.7)",13.9,"(12.7, 15.1)",35.2,"(33.9, 36.4)",3.7,"( 3.3,  4.0)",23.0,"(16.8, 30.3)",POINT (-122.9989056 44.94049873),12,2409
OR,Oregon,Marion,41047,41047001701,6409,21.1,"(18.9, 23.4)",22.7,"(21.9, 23.5)",14.8,"(14.4, 15.1)",29.7,"(29.1, 30.3)",67.8,"(67.0, 68.5)",5.7,"( 5.4,  6.0)",11.5,"(11.1, 12.0)",78.3,"(77.0, 79.6)",6.3,"( 5.8,  6.9)",71.8,"(71.0, 72.5)",81.0,"(80.9, 81.1)",70.2,"(68.6, 71.9)",7.6,"( 6.7,  8.5)",40.7,"(35.7, 45.2)",38.6,"(33.0, 44.7)",18.5,"(17.2, 19.8)",54.7,"(51.7, 57.4)",24.9,"(23.9, 25.8)",10.3,"( 9.8, 10.9)",20.2,"(18.4, 22.0)",25.6,"(25.0, 26.1)",3.2,"( 2.9,  3.4)",26.5,"(24.9, 28.0)",75.9,"(72.6, 78.7)",17.8,"(17.0, 18.5)",35.9,"(35.1, 36.8)",12.2,"(11.4, 13.2)",32.4,"(31.6, 33.2)",3.4,"( 3.0,  3.9)",20.9,"(15.0, 27.6)",POINT (-122.9833373 44.94250424),12,2409
OR,Oregon,Marion,41047,41047010202,7205,14.2,"(12.7, 15.9)",22.4,"(21.6, 23.2)",15.9,"(15.6, 16.3)",29.0,"(28.5, 29.6)",68.2,"(67.5, 68.8)",6.0,"( 5.8,  6.2)",10.5,"(10.2, 10.9)",84.1,"(83.0, 85.2)",5.5,"( 5.2,  5.9)",72.4,"(71.7, 73.1)",85.9,"(85.8, 85.9)",74.4,"(72.8, 75.8)",6.2,"( 5.6,  6.9)",46.9,"(42.8, 50.8)",49.5,"(45.8, 53.2)",16.0,"(14.6, 17.3)",65.3,"(62.9, 67.7)",23.9,"(23.0, 24.8)",9.1,"( 8.6,  9.6)",14.5,"(13.2, 15.9)",27.2,"(26.7, 27.6)",2.6,"( 2.5,  2.7)",19.9,"(18.7, 21.1)",77.4,"(74.8, 79.9)",15.5,"(14.7, 16.2)",34.0,"(33.1, 34.8)",10.0,"( 9.3, 10.8)",30.7,"(29.8, 31.5)",2.7,"( 2.5,  2.9)",12.7,"(10.1, 15.3)",POINT (-122.7910186 45.20544667),12,2409
OR,Oregon,Marion,41047,41047000900,5782,13.7,"(11.6, 16.5)",21.0,"(20.0, 22.0)",16.2,"(15.4, 16.9)",27.9,"(26.8, 28.9)",65.5,"(64.0, 66.9)",4.6,"( 4.4,  4.9)",12.2,"(11.7, 12.9)",78.0,"(75.0, 80.7)",5.3,"( 4.9,  5.8)",72.0,"(70.9, 73.1)",80.7,"(80.4, 81.0)",70.0,"(66.9, 73.0)",7.1,"( 6.2,  8.2)",42.5,"(34.9, 50.7)",44.6,"(37.8, 51.4)",18.5,"(15.6, 21.4)",57.9,"(54.1, 61.4)",26.9,"(25.5, 28.3)",9.3,"( 8.7, 10.0)",17.3,"(15.5, 19.4)",24.4,"(23.6, 25.3)",2.7,"( 2.6,  2.9)",21.9,"(19.6, 24.3)",78.0,"(74.1, 81.1)",18.7,"(17.3, 20.1)",36.2,"(34.7, 37.6)",11.6,"(10.5, 12.6)",32.3,"(30.8, 33.7)",2.8,"( 2.6,  3.2)",16.3,"(10.6, 22.4)",POINT (-123.0184567 44.93289369),12,2409
OR,Oregon,Marion,41047,41047002101,2256,10.6,"( 8.8, 12.8)",23.2,"(21.9, 24.5)",15.8,"(15.2, 16.4)",28.8,"(27.4, 30.0)",70.6,"(69.1, 72.0)",7.1,"( 6.6,  7.5)",10.6,"(10.1, 11.3)",83.5,"(80.9, 85.9)",5.9,"( 5.2,  6.6)",73.7,"(72.8, 74.7)",86.2,"(86.2, 86.3)",75.4,"(72.4, 78.0)",5.9,"( 5.0,  7.1)",49.0,"(40.0, 57.0)",45.1,"(36.1, 54.3)",13.7,"(11.4, 16.2)",68.5,"(64.9, 72.0)",24,"(22.8, 25.4)",8.1,"( 7.4,  8.8)",12.7,"(10.9, 14.8)",26.1,"(25.2, 27.1)",2.7,"( 2.5,  3.0)",18.1,"(15.9, 20.5)",77.9,"(74.2, 81.3)",15.4,"(14.3, 16.6)",30.4,"(29.0, 31.8)",9.2,"( 8.2, 10.4)",29.2,"(27.7, 30.6)",2.9,"( 2.4,  3.4)",12.2,"( 6.4, 20.1)",POINT (-123.0463025 44.90248759),12,2409
OR,Oregon,Marion,41047,41047002700,8510,8.6,"( 7.5,  9.8)",27.0,"(25.9, 28.1)",14.5,"(14.2, 14.9)",33.2,"(32.2, 34.2)",73.9,"(73.0, 74.9)",8.3,"( 8.0,  8.6)",10.2,"( 9.8, 10.5)",85.8,"(84.2, 87.3)",6.7,"( 6.2,  7.1)",76.2,"(75.5, 76.8)",89.7,"(89.5, 89.8)",78.1,"(76.3, 79.8)",6.6,"( 5.9,  7.3)",51.0,"(45.8, 55.9)",51.7,"(47.4, 56.4)",13.3,"(11.6, 15.0)",71.9,"(69.7, 74.1)",22.8,"(22.0, 23.7)",9.6,"( 9.1, 10.2)",12.6,"(11.5, 13.9)",31.0,"(30.3, 31.7)",2.9,"( 2.8,  3.1)",17.2,"(15.7, 18.7)",78.1,"(75.4, 80.5)",13.6,"(12.9, 14.3)",31.7,"(30.5, 32.7)",9.7,"( 9.0, 10.4)",28.8,"(27.7, 29.8)",3.0,"( 2.8,  3.3)",9.7,"( 7.3, 12.2)",POINT (-122.9190649 44.87378189),12,2409
OR,Oregon,Marion,41047,41047001604,8364,20.2,"(17.6, 23.1)",23.6,"(22.7, 24.5)",14.5,"(14.1, 15.0)",31.3,"(30.6, 31.9)",68.0,"(67.2, 68.9)",5.3,"( 5.1,  5.6)",11.9,"(11.4, 12.5)",78.4,"(76.9, 79.9)",6.5,"( 6.0,  7.0)",72.1,"(71.2, 72.9)",81.1,"(80.5, 81.6)",68.4,"(66.3, 70.5)",8.3,"( 7.4,  9.4)",40.2,"(35.3, 45.7)",40.9,"(35.6, 46.1)",20.8,"(19.2, 22.3)",52.7,"(49.5, 55.9)",25.6,"(24.5, 26.7)",11.4,"(10.8, 12.0)",21.7,"(19.8, 23.9)",26.7,"(26.2, 27.3)",3.2,"( 3.0,  3.4)",27.4,"(25.8, 28.9)",75.9,"(72.4, 79.0)",18.2,"(17.2, 19.2)",38.1,"(37.0, 39.1)",13.2,"(12.3, 14.3)",33.5,"(32.4, 34.4)",3.6,"( 3.2,  3.9)",21.5,"(16.7, 26.7)",POINT (-122.9776108 44.96173378),12,2409
OR,Oregon,Marion,41047,41047002400,3435,6.2,"( 5.0,  7.7)",25.1,"(23.6, 26.8)",14.1,"(13.7, 14.5)",31.3,"(30.2, 32.5)",73.8,"(72.9, 74.8)",8.4,"( 8.0,  8.9)",9.6,"( 9.1, 10.1)",87.7,"(86.1, 89.2)",5.8,"( 5.2,  6.5)",77.0,"(76.1, 77.7)",91.4,"(91.2, 91.5)",80.3,"(78.5, 82.0)",5.1,"( 4.1,  6.1)",54.6,"(49.1, 59.5)",56.1,"(50.9, 61.0)",9.6,"( 8.0, 11.3)",77.5,"(74.2, 80.1)",21.1,"(19.9, 22.5)",8.5,"( 7.7,  9.4)",9.8,"( 8.1, 11.7)",30.6,"(29.9, 31.3)",2.6,"( 2.4,  2.9)",13.6,"(12.2, 15.2)",80.0,"(76.1, 83.2)",11.9,"(10.8, 13.0)",29.2,"(27.5, 30.9)",8.0,"( 6.9,  9.2)",26.5,"(24.9, 28.2)",2.5,"( 2.2,  2.9)",6.5,"( 4.4,  9.2)",POINT (-123.1132136 44.88992665),12,2409
OR,Oregon,Marion,41047,41047002304,5081,8.3,"( 6.7, 10.1)",23.3,"(21.9, 24.6)",15.2,"(14.7, 15.8)",29.1,"(27.8, 30.3)",71.3,"(70.0, 72.6)",7.4,"( 7.0,  7.8)",10.0,"( 9.6, 10.6)",85.6,"(83.7, 87.7)",5.4,"( 4.9,  6.0)",74.8,"(73.9, 75.6)",88.4,"(87.7, 89.1)",78.9,"(76.4, 81.3)",5.3,"( 4.4,  6.2)",52.5,"(44.5, 59.6)",53.1,"(45.4, 59.7)",11.9,"( 9.6, 14.3)",73.5,"(70.4, 76.1)",22.7,"(21.5, 24.0)",8.0,"( 7.4,  8.8)",10.7,"( 9.1, 12.4)",27.9,"(27.1, 28.7)",2.5,"( 2.3,  2.7)",15.5,"(13.5, 17.5)",78.9,"(75.4, 82.2)",13.7,"(12.6, 14.7)",29.8,"(28.3, 31.4)",8.3,"( 7.3,  9.3)",28.3,"(26.8, 29.8)",2.5,"( 2.2,  2.9)",8.5,"( 5.2, 12.7)",POINT (-123.040933 44.86401402),12,2409
OR,Oregon,Marion,41047,41047010400,4999,15.0,"(13.1, 17.4)",26.2,"(25.0, 27.4)",14.3,"(14.0, 14.7)",32.8,"(31.8, 33.7)",72.7,"(71.7, 73.7)",7.6,"( 7.1,  8.1)",10.6,"(10.1, 11.1)",83.3,"(81.6, 84.9)",7.3,"( 6.6,  8.1)",74.4,"(73.8, 75.1)",85.9,"(85.5, 86.2)",73.9,"(72.0, 75.8)",7.6,"( 6.4,  8.9)",45.8,"(40.0, 51.8)",43.1,"(35.5, 50.4)",15.2,"(13.6, 16.8)",62.8,"(59.6, 65.9)",23,"(22.0, 24.1)",10.6,"( 9.8, 11.3)",17.1,"(15.0, 19.5)",28.7,"(28.0, 29.4)",3.4,"( 3.1,  3.7)",22.3,"(20.3, 24.4)",76.6,"(72.7, 79.8)",15.0,"(14.1, 15.9)",33.6,"(32.5, 34.8)",11.3,"(10.2, 12.5)",29.8,"(28.7, 30.9)",3.6,"( 3.1,  4.3)",15.3,"( 9.5, 22.7)",POINT (-122.780602 45.07496501),12,2409
OR,Oregon,Marion,41047,41047001601,7668,15.7,"(13.5, 18.0)",25.2,"(24.0, 26.4)",14.1,"(13.8, 14.5)",32.4,"(31.4, 33.2)",71.3,"(70.4, 72.2)",6.5,"( 6.2,  6.8)",11.0,"(10.5, 11.5)",81.5,"(79.9, 83.1)",6.7,"( 6.1,  7.4)",73.8,"(72.9, 74.6)",84.6,"(84.4, 84.8)",73.0,"(71.0, 75.1)",7.7,"( 6.6,  8.8)",44.4,"(38.1, 51.3)",45.5,"(39.4, 51.8)",17.4,"(15.6, 19.1)",60.3,"(57.3, 63.5)",24,"(22.9, 25.1)",10.9,"(10.2, 11.7)",17.9,"(15.8, 20.0)",28.7,"(28.0, 29.3)",3.1,"( 2.9,  3.4)",23.4,"(21.7, 25.2)",76.6,"(72.9, 79.9)",15.9,"(15.0, 16.9)",35.1,"(33.8, 36.3)",11.8,"(10.6, 12.8)",31.5,"(30.4, 32.6)",3.4,"( 3.0,  3.8)",15.9,"(11.0, 21.6)",POINT (-122.9808152 44.99068578),12,2409
OR,Oregon,Marion,41047,41047000400,4938,20.8,"(18.6, 23.2)",21.5,"(20.8, 22.2)",15.7,"(15.3, 16.0)",29.0,"(28.3, 29.6)",64.0,"(63.2, 64.7)",4.6,"( 4.4,  4.7)",12.3,"(11.9, 12.7)",78.7,"(77.0, 80.2)",5.7,"( 5.3,  6.0)",70.5,"(69.7, 71.3)",80.3,"(80.2, 80.3)",67.2,"(65.2, 69.1)",7.8,"( 7.1,  8.6)",39.1,"(34.7, 44.0)",40.5,"(36.2, 44.7)",22.0,"(20.1, 23.8)",51.8,"(49.1, 54.5)",26.9,"(26.0, 27.9)",10.3,"( 9.8, 10.7)",21.3,"(19.6, 23.1)",24.9,"(24.4, 25.5)",2.9,"( 2.8,  3.1)",26.6,"(24.9, 28.3)",76.6,"(74.2, 79.2)",19.2,"(18.3, 20.1)",38.6,"(37.8, 39.4)",13.0,"(12.2, 13.8)",33.7,"(32.9, 34.5)",3.1,"( 2.9,  3.4)",21.5,"(17.4, 26.0)",POINT (-123.0164167 44.97380902),12,2409
OR,Oregon,Marion,41047,41047010701,7922,13.2,"(11.1, 15.3)",25.3,"(24.2, 26.4)",15.5,"(14.9, 16.1)",31.5,"(30.4, 32.6)",70.3,"(69.1, 71.5)",6.6,"( 6.3,  7.0)",11.3,"(10.8, 11.9)",82.6,"(80.5, 84.7)",6.4,"( 5.9,  7.0)",73.3,"(72.3, 74.4)",85.2,"(85.1, 85.4)",73.3,"(70.5, 75.8)",7.7,"( 6.8,  8.7)",45.0,"(37.5, 52.3)",45.2,"(38.8, 51.3)",18.3,"(15.9, 20.7)",62.2,"(58.9, 65.7)",25.7,"(24.5, 27.0)",9.8,"( 9.2, 10.5)",16.5,"(14.7, 18.4)",28.1,"(27.3, 29.0)",3.0,"( 2.8,  3.2)",21.8,"(19.7, 23.9)",76.3,"(72.9, 79.5)",16.8,"(15.8, 17.9)",34.7,"(33.5, 35.9)",11.5,"(10.5, 12.5)",31.5,"(30.4, 32.6)",3.3,"( 2.9,  3.6)",15.4,"(10.7, 21.3)",POINT (-122.7987179 44.80525122),12,2409
OR,Oregon,Marion,41047,41047001702,5564,19.2,"(16.9, 21.5)",24.4,"(23.6, 25.2)",14.3,"(14.0, 14.7)",31.3,"(30.6, 31.9)",70.0,"(69.2, 70.8)",6.5,"( 6.2,  6.8)",11.0,"(10.6, 11.4)",81.0,"(79.6, 82.4)",6.7,"( 6.2,  7.2)",72.9,"(72.2, 73.6)",84.6,"(84.3, 85.0)",72.1,"(70.2, 74.0)",7.5,"( 6.7,  8.4)",42.7,"(37.6, 47.8)",41.2,"(36.0, 46.7)",17.3,"(16.0, 18.7)",58.5,"(55.8, 61.1)",23.8,"(23.0, 24.7)",10.5,"(10.0, 11.1)",18.7,"(17.0, 20.4)",27.4,"(26.9, 28.0)",3.2,"( 3.0,  3.4)",24.9,"(23.4, 26.4)",75.9,"(73.1, 78.4)",16.3,"(15.6, 17.1)",35.0,"(34.1, 35.9)",11.8,"(11.0, 12.7)",31.8,"(31.0, 32.6)",3.5,"( 3.1,  3.8)",17.8,"(13.1, 23.1)",POINT (-122.9712867 44.94712581),12,2409
OR,Oregon,Marion,41047,41047002000,9208,10.1,"( 8.6, 11.9)",23.7,"(22.6, 24.7)",15.2,"(14.8, 15.7)",29.8,"(28.8, 30.8)",70.2,"(69.2, 71.1)",6.7,"( 6.5,  7.0)",10.8,"(10.3, 11.2)",84.0,"(82.3, 85.8)",5.9,"( 5.4,  6.3)",73.9,"(73.1, 74.6)",86.7,"(86.5, 86.9)",75.4,"(73.1, 77.5)",6.3,"( 5.5,  7.3)",48.5,"(43.1, 54.5)",47.7,"(41.8, 53.2)",14.7,"(12.6, 16.8)",67.2,"(64.1, 70.1)",24.2,"(23.1, 25.3)",8.9,"( 8.3,  9.5)",13.5,"(12.0, 15.3)",27.3,"(26.6, 27.9)",2.8,"( 2.6,  2.9)",18.2,"(16.4, 20.0)",78.3,"(75.5, 80.9)",15.2,"(14.1, 16.2)",32.3,"(31.1, 33.4)",9.8,"( 8.9, 10.8)",29.8,"(28.6, 30.9)",2.9,"( 2.6,  3.2)",11.9,"( 8.1, 16.3)",POINT (-123.016739 44.87878279),12,2409
OR,Oregon,Marion,41047,41047010201,2632,9.8,"( 8.6, 11.2)",23.5,"(22.6, 24.5)",16.0,"(15.6, 16.4)",29.7,"(28.8, 30.5)",70.2,"(69.3, 71.0)",7.0,"( 6.7,  7.3)",10.1,"( 9.7, 10.5)",86.0,"(84.8, 87.3)",5.5,"( 5.1,  5.9)",74.0,"(73.3, 74.6)",88.7,"(88.6, 88.8)",77.3,"(75.4, 78.9)",5.7,"( 5.0,  6.4)",51.1,"(46.0, 56.1)",52.3,"(47.3, 56.8)",13.5,"(12.0, 14.9)",71.9,"(69.5, 74.1)",23.1,"(22.2, 24.0)",8.5,"( 8.0,  9.0)",11.7,"(10.5, 13.1)",28.7,"(28.2, 29.3)",2.5,"( 2.4,  2.6)",16.4,"(15.1, 17.6)",78.5,"(75.8, 81.3)",14.0,"(13.3, 14.8)",31.7,"(30.8, 32.7)",9.0,"( 8.2,  9.7)",29.1,"(28.1, 30.1)",2.5,"( 2.3,  2.8)",9.3,"( 7.0, 12.1)",POINT (-122.8469521 45.23034611),12,2409
OR,Oregon,Marion,41047,41047001200,3593,9.2,"( 7.6, 11.2)",23.8,"(22.5, 25.2)",15.3,"(14.7, 16.0)",29.7,"(28.5, 31.1)",70.8,"(69.3, 72.1)",6.8,"( 6.5,  7.2)",10.7,"(10.2, 11.3)",84.6,"(82.2, 86.9)",5.6,"( 5.0,  6.1)",74.4,"(73.5, 75.3)",87.4,"(87.4, 87.4)",76.1,"(73.0, 78.8)",6.0,"( 5.0,  7.0)",48.6,"(40.4, 56.0)",48.3,"(40.7, 55.4)",13.7,"(11.0, 16.5)",69.3,"(65.9, 72.6)",23.8,"(22.5, 25.1)",8.7,"( 8.0,  9.4)",12.6,"(10.9, 14.5)",27.5,"(26.6, 28.4)",2.7,"( 2.5,  2.9)",17.3,"(15.0, 19.7)",79.2,"(75.3, 82.5)",14.7,"(13.5, 15.9)",32.2,"(30.6, 33.8)",9.4,"( 8.3, 10.5)",29.3,"(27.7, 30.9)",2.7,"( 2.4,  3.1)",10.5,"( 6.1, 15.9)",POINT (-123.0378352 44.92240038),12,2409
OR,Oregon,Marion,41047,41047010305,4509,24.1,"(20.0, 28.2)",18.3,"(17.6, 19.1)",16.3,"(15.8, 16.9)",25.8,"(25.1, 26.4)",63.2,"(62.3, 64.2)",4.3,"( 4.1,  4.4)",10.7,"(10.1, 11.3)",80.4,"(78.5, 82.4)",4.9,"( 4.5,  5.3)",69.8,"(68.6, 71.0)",80.8,"(80.4, 81.1)",70.2,"(68.3, 72.3)",5.7,"( 5.0,  6.4)",41.4,"(36.4, 46.8)",43.9,"(39.5, 48.4)",16.5,"(14.8, 18.1)",56.2,"(52.3, 59.8)",23.6,"(22.3, 24.9)",9.5,"( 8.9, 10.0)",18.5,"(16.5, 20.8)",23.7,"(23.1, 24.3)",2.6,"( 2.4,  2.7)",25.1,"(23.1, 27.0)",76.1,"(72.8, 79.3)",17.1,"(16.0, 18.3)",36.2,"(35.0, 37.4)",10.8,"( 9.9, 11.8)",31.8,"(30.6, 32.9)",2.5,"( 2.3,  2.8)",17.6,"(13.8, 21.6)",POINT (-122.8101942 45.14717181),12,2409
OR,Oregon,Marion,41047,41047001501,4408,9.9,"( 8.1, 12.0)",24.9,"(23.4, 26.2)",14.8,"(14.3, 15.4)",30.6,"(29.1, 32.0)",72.3,"(71.0, 73.5)",7.6,"( 7.2,  8.0)",10.5,"(10.0, 11.1)",84.6,"(82.0, 86.9)",6.1,"( 5.5,  6.8)",75.0,"(74.1, 75.8)",88.1,"(87.5, 88.8)",76.8,"(73.9, 79.5)",6.2,"( 5.1,  7.4)",49.9,"(41.2, 58.2)",48.4,"(40.4, 55.7)",13.1,"(10.7, 15.7)",70.2,"(66.5, 73.6)",23.5,"(22.2, 24.8)",8.8,"( 8.1,  9.6)",12.8,"(11.0, 15.0)",28.3,"(27.3, 29.2)",2.8,"( 2.6,  3.1)",17.6,"(15.3, 20.2)",78.1,"(74.0, 81.9)",14.5,"(13.3, 15.7)",30.9,"(29.5, 32.4)",9.5,"( 8.4, 10.7)",28.6,"(27.2, 30.1)",2.9,"( 2.5,  3.4)",11.0,"( 6.2, 17.4)",POINT (-123.0089482 45.00947097),12,2409
OR,Oregon,Marion,41047,41047010501,5436,9.6,"( 7.9, 11.5)",26.3,"(24.9, 27.8)",14.8,"(14.4, 15.1)",32.3,"(31.3, 33.4)",72.6,"(71.7, 73.5)",7.7,"( 7.4,  8.1)",10.6,"(10.1, 11.2)",85.0,"(83.3, 86.6)",6.5,"( 5.8,  7.2)",75.1,"(74.2, 75.9)",87.7,"(87.5, 88.0)",76.5,"(74.4, 78.5)",6.9,"( 5.9,  8.2)",49.8,"(44.2, 54.9)",50.2,"(44.6, 55.4)",14.7,"(12.8, 16.7)",69.7,"(66.2, 72.9)",23.9,"(22.7, 25.3)",9.5,"( 8.7, 10.3)",13.6,"(11.7, 16.0)",30.4,"(29.6, 31.2)",2.9,"( 2.7,  3.1)",18.0,"(16.3, 19.6)",78.0,"(74.1, 81.1)",14.4,"(13.3, 15.5)",31.7,"(30.3, 33.1)",10.1,"( 9.0, 11.4)",28.9,"(27.7, 30.2)",3.1,"( 2.7,  3.4)",11.3,"( 8.1, 14.7)",POINT (-122.6089464 44.92680491),12,2409
OR,Oregon,Marion,41047,41047000502,5326,25.4,"(22.1, 29.3)",21.3,"(20.6, 22.1)",14.9,"(14.3, 15.6)",29.6,"(28.8, 30.5)",63.7,"(62.5, 64.8)",4.2,"( 4.0,  4.4)",12.5,"(11.9, 13.1)",76.7,"(74.4, 79.1)",5.9,"( 5.5,  6.3)",70.5,"(69.4, 71.5)",77.5,"(76.6, 78.4)",64.2,"(61.3, 67.2)",8.2,"( 7.4,  9.1)",36.0,"(29.6, 42.6)",35.9,"(29.8, 43.0)",23.1,"(20.8, 25.4)",46.4,"(43.1, 49.6)",26.6,"(25.4, 27.8)",11.5,"(10.9, 12.1)",25.2,"(22.8, 27.7)",24.5,"(23.8, 25.3)",3.2,"( 3.0,  3.4)",30.8,"(28.2, 33.3)",76.6,"(73.4, 79.9)",19.9,"(18.8, 21.0)",41.2,"(40.1, 42.3)",14.4,"(13.3, 15.4)",34.8,"(33.8, 35.8)",3.4,"( 3.1,  3.8)",26.2,"(19.5, 34.2)",POINT (-122.9989263 44.97140852),12,2409
OR,Oregon,Marion,41047,41047001602,9286,23.7,"(20.0, 27.8)",19.1,"(18.3, 19.8)",15.5,"(15.0, 16.0)",26.6,"(25.8, 27.3)",61.8,"(60.8, 62.9)",4.0,"( 3.9,  4.2)",12.1,"(11.5, 12.8)",76.5,"(74.3, 78.6)",5.0,"( 4.6,  5.4)",69.9,"(68.7, 71.0)",78.4,"(77.2, 79.7)",68.2,"(66.0, 70.8)",7.0,"( 6.1,  7.8)",38.5,"(31.9, 45.2)",40.2,"(34.2, 46.3)",20.3,"(18.3, 22.3)",50.4,"(46.5, 54.4)",26.3,"(24.9, 27.6)",9.7,"( 9.1, 10.2)",21.4,"(18.9, 23.7)",22.9,"(22.3, 23.6)",2.8,"( 2.6,  2.9)",27.6,"(25.3, 29.9)",76.6,"(73.4, 79.7)",19.4,"(18.1, 20.7)",38.0,"(36.7, 39.2)",12.4,"(11.3, 13.3)",33.5,"(32.2, 34.7)",2.9,"( 2.6,  3.1)",22.0,"(16.3, 28.2)",POINT (-122.9793065 44.97679703),12,2409
OR,Oregon,Marion,41047,41047002501,8868,9.1,"( 7.5, 11.2)",22.5,"(21.2, 23.7)",15.9,"(15.3, 16.6)",27.8,"(26.6, 29.2)",69.6,"(68.2, 71.0)",7.1,"( 6.7,  7.5)",10.1,"( 9.6, 10.7)",86.6,"(84.4, 88.4)",5.2,"( 4.7,  5.8)",73.9,"(72.9, 74.8)",87.7,"(87.6, 87.7)",77.9,"(75.2, 80.3)",5.2,"( 4.3,  6.1)",52.0,"(45.2, 58.9)",50.3,"(42.3, 58.0)",12.3,"(10.0, 14.7)",72.9,"(69.2, 76.0)",23.1,"(21.9, 24.5)",7.7,"( 7.0,  8.3)",10.8,"( 9.3, 12.6)",26.7,"(26.0, 27.7)",2.5,"( 2.3,  2.7)",15.6,"(13.7, 17.7)",78.6,"(74.6, 81.9)",14.1,"(13.0, 15.3)",29.9,"(28.5, 31.3)",8.3,"( 7.4,  9.3)",28.5,"(27.1, 30.0)",2.5,"( 2.2,  2.9)",9.0,"( 5.2, 15.0)",POINT (-123.0145808 45.02486632),12,2409
OR,Oregon,Marion,41047,41047002202,6230,7.3,"( 6.2,  8.6)",23.7,"(22.5, 25.2)",15.2,"(14.7, 15.7)",29.7,"(28.5, 31.0)",71.9,"(70.6, 73.1)",7.4,"( 7.0,  7.7)",10.1,"( 9.7, 10.6)",86.3,"(84.3, 88.2)",5.5,"( 5.0,  6.0)",75.4,"(74.6, 76.1)",89.3,"(89.0, 89.5)",77.9,"(75.4, 80.2)",5.3,"( 4.5,  6.2)",52.0,"(45.2, 58.8)",52.0,"(45.8, 58.4)",11.3,"( 9.3, 13.4)",73.8,"(71.0, 76.4)",22.5,"(21.5, 23.5)",8.3,"( 7.7,  9.0)",10.8,"( 9.4, 12.3)",28.2,"(27.4, 29.1)",2.6,"( 2.5,  2.8)",15.0,"(13.3, 17.0)",79.3,"(76.2, 82.2)",13.4,"(12.5, 14.3)",30.6,"(29.2, 32.0)",8.4,"( 7.5,  9.3)",27.9,"(26.5, 29.3)",2.6,"( 2.3,  2.9)",8.1,"( 5.0, 12.3)",POINT (-123.0673297 44.89409223),12,2409
OR,Oregon,Marion,41047,41047010100,1477,12.2,"(10.4, 14.2)",22.4,"(21.4, 23.4)",16.0,"(15.6, 16.4)",29.1,"(28.3, 29.9)",69.3,"(68.4, 70.2)",6.5,"( 6.2,  6.8)",9.9,"( 9.5, 10.3)",85.9,"(84.5, 87.2)",5.4,"( 5.0,  5.9)",73.2,"(72.4, 74.0)",87.3,"(87.2, 87.5)",75.7,"(73.9, 77.5)",5.5,"( 4.8,  6.3)",48.1,"(43.0, 53.2)",49.2,"(44.4, 53.7)",13.7,"(12.0, 15.2)",69.1,"(66.1, 71.8)",22.3,"(21.4, 23.4)",8.8,"( 8.2,  9.4)",12.8,"(11.4, 14.4)",27.6,"(27.0, 28.1)",2.6,"( 2.4,  2.7)",17.9,"(16.6, 19.2)",79.1,"(76.3, 81.9)",14.0,"(13.1, 14.8)",32.9,"(31.7, 34.1)",9.2,"( 8.3, 10.0)",29.4,"(28.2, 30.6)",2.6,"( 2.3,  2.8)",10.5,"( 7.7, 13.4)",POINT (-122.9701894 45.19722137),12,2409
OR,Oregon,Marion,41047,41047001803,5293,16.6,"(14.1, 19.7)",20.3,"(19.5, 21.1)",18.3,"(17.4, 19.1)",28.9,"(27.9, 29.7)",64.4,"(63.2, 65.6)",5.1,"( 4.8,  5.4)",10.6,"(10.1, 11.1)",78.5,"(76.1, 80.9)",5.9,"( 5.5,  6.4)",70.1,"(68.8, 71.3)",80.0,"(79.5, 80.4)",71.5,"(68.6, 74.1)",6.8,"( 6.0,  7.7)",44.0,"(36.9, 51.2)",43.2,"(36.5, 49.6)",19.1,"(16.7, 21.6)",57.0,"(53.5, 60.5)",23.8,"(22.6, 25.1)",9.1,"( 8.5,  9.6)",16.8,"(15.0, 18.7)",24.7,"(23.9, 25.5)",2.7,"( 2.6,  2.9)",22.0,"(20.0, 24.0)",75.7,"(72.2, 78.9)",17.0,"(15.9, 18.0)",35.1,"(33.9, 36.3)",10.8,"( 9.9, 11.7)",32.5,"(31.3, 33.6)",3.0,"( 2.7,  3.3)",18.1,"(13.2, 24.2)",POINT (-122.9700698 44.88924563),12,2409
OR,Oregon,Marion,41047,41047001100,4543,8.8,"( 7.2, 10.6)",24.0,"(22.7, 25.3)",15.3,"(14.8, 15.9)",29.8,"(28.5, 31.0)",71.4,"(70.1, 72.8)",7.4,"( 7.0,  7.8)",10.5,"(10.0, 11.1)",85.3,"(83.1, 87.4)",5.8,"( 5.2,  6.4)",74.8,"(74.0, 75.6)",88.3,"(87.8, 88.9)",77.6,"(74.8, 80.0)",5.8,"( 4.8,  6.8)",51.0,"(43.1, 58.2)",49.4,"(42.4, 56.3)",12.4,"(10.0, 14.8)",71.2,"(68.0, 74.2)",23.4,"(22.2, 24.7)",8.6,"( 7.8,  9.3)",12,"(10.3, 13.8)",27.5,"(26.7, 28.4)",2.8,"( 2.5,  3.0)",16.4,"(14.3, 18.6)",79.1,"(75.4, 82.3)",14.4,"(13.2, 15.5)",31.3,"(29.8, 32.7)",9.1,"( 8.1, 10.1)",28.7,"(27.2, 30.1)",2.8,"( 2.4,  3.2)",9.7,"( 5.7, 15.1)",POINT (-123.033781 44.90565414),12,2409
OR,Oregon,Marion,41047,41047010801,5992,12.2,"(10.9, 13.7)",25.7,"(24.9, 26.5)",15.4,"(15.1, 15.8)",32.1,"(31.5, 32.8)",70.5,"(69.8, 71.2)",6.6,"( 6.4,  6.8)",11.3,"(10.9, 11.8)",83.3,"(81.9, 84.6)",6.4,"( 6.1,  6.9)",73.6,"(73.0, 74.3)",85.8,"(85.7, 85.9)",73.3,"(71.7, 74.9)",7.8,"( 7.1,  8.5)",45.2,"(40.6, 49.5)",47.0,"(43.3, 50.6)",18.7,"(17.1, 20.2)",63.0,"(60.8, 65.1)",25.7,"(24.7, 26.6)",10.0,"( 9.6, 10.5)",16.2,"(14.9, 17.7)",28.8,"(28.4, 29.4)",2.9,"( 2.8,  3.1)",21.2,"(20.0, 22.5)",76.8,"(74.5, 79.1)",16.6,"(15.8, 17.3)",35.2,"(34.3, 36.1)",11.5,"(10.8, 12.3)",31.7,"(30.8, 32.5)",3.2,"( 3.0,  3.5)",14.7,"(12.2, 17.8)",POINT (-122.9339899 44.78751284),12,2409
OR,Oregon,Marion,41047,41047002201,1977,7.1,"( 5.7,  8.5)",24.6,"(23.0, 26.1)",14.6,"(14.1, 15.2)",30.5,"(29.0, 31.9)",73.1,"(71.8, 74.4)",8.1,"( 7.7,  8.5)",9.7,"( 9.2, 10.3)",87.6,"(85.5, 89.6)",5.7,"( 5.1,  6.3)",76.2,"(75.3, 77.0)",91.0,"(90.4, 91.6)",79.3,"(76.7, 81.7)",5.1,"( 4.2,  6.1)",53.6,"(45.9, 60.9)",54.6,"(47.5, 61.1)",10.2,"( 8.0, 12.5)",76.1,"(73.0, 78.8)",21.6,"(20.4, 22.9)",8.4,"( 7.6,  9.1)",10.1,"( 8.5, 11.8)",29.5,"(28.5, 30.4)",2.6,"( 2.4,  2.8)",14.3,"(12.4, 16.4)",79.4,"(75.6, 82.7)",12.4,"(11.3, 13.5)",29.7,"(28.0, 31.4)",8.1,"( 7.0,  9.1)",26.9,"(25.3, 28.5)",2.5,"( 2.2,  2.9)",7.1,"( 4.1, 11.0)",POINT (-123.0585577 44.90862048),12,2409
OR,Oregon,Marion,41047,41047001801,6501,19.0,"(17.1, 21.0)",24.2,"(23.5, 24.9)",14.9,"(14.5, 15.3)",31.3,"(30.6, 32.0)",69.2,"(68.4, 70.1)",6.0,"( 5.7,  6.2)",11.5,"(11.1, 11.9)",79.9,"(78.4, 81.4)",6.6,"( 6.2,  7.0)",72.5,"(71.8, 73.2)",82.7,"(82.7, 82.7)",71.6,"(69.6, 73.6)",8.0,"( 7.3,  8.8)",42.4,"(37.1, 47.7)",43.4,"(38.3, 48.9)",19.1,"(17.6, 20.6)",56.8,"(54.3, 59.1)",25.3,"(24.5, 26.1)",10.9,"(10.4, 11.4)",19.6,"(18.1, 21.2)",27.4,"(26.9, 28.1)",3.2,"( 3.0,  3.3)",25.2,"(23.8, 26.7)",75.8,"(73.1, 78.4)",17.4,"(16.7, 18.1)",36.7,"(35.9, 37.4)",12.4,"(11.7, 13.2)",32.4,"(31.7, 33.1)",3.5,"( 3.2,  3.7)",18.7,"(14.3, 23.7)",POINT (-122.9783253 44.92416525),12,2409
OR,Oregon,Marion,41047,41047000501,3733,22.3,"(19.3, 25.6)",24.0,"(23.0, 25.0)",14.3,"(13.8, 14.9)",32.0,"(31.0, 32.9)",67.2,"(65.9, 68.4)",5.0,"( 4.8,  5.2)",12.4,"(11.8, 13.0)",78.8,"(76.5, 80.8)",6.7,"( 6.2,  7.2)",71.8,"(70.8, 72.7)",81.2,"(80.7, 81.7)",65.8,"(62.7, 68.8)",9.0,"( 7.9, 10.1)",36.8,"(29.9, 44.4)",38.8,"(32.1, 45.4)",22.7,"(20.0, 25.2)",49.1,"(45.7, 52.8)",26.5,"(25.3, 27.8)",12.3,"(11.6, 13.0)",24.6,"(22.0, 27.2)",26.8,"(26.0, 27.6)",3.4,"( 3.2,  3.7)",29.6,"(26.9, 32.0)",76.4,"(72.8, 80.0)",19.0,"(17.9, 20.2)",40.7,"(39.5, 41.8)",14.6,"(13.4, 15.9)",34.2,"(33.1, 35.3)",3.7,"( 3.4,  4.1)",23.6,"(16.8, 31.5)",POINT (-123.0011575 44.95975999),12,2409
OR,Oregon,Marion,41047,41047010304,6435,28.6,"(23.6, 33.4)",17.1,"(16.3, 17.8)",15.9,"(15.1, 16.8)",25.2,"(24.1, 26.1)",60.4,"(58.9, 61.8)",3.6,"( 3.5,  3.7)",10.7,"(10.1, 11.4)",80.1,"(77.6, 82.7)",4.4,"( 4.1,  4.8)",68.7,"(67.3, 70.0)",79.1,"(79.0, 79.3)",66.7,"(63.9, 69.6)",5.3,"( 4.7,  5.9)",39.0,"(32.9, 45.4)",41.7,"(36.0, 48.3)",17.6,"(15.1, 20.0)",52.2,"(47.9, 57.2)",23.3,"(21.9, 24.8)",9.9,"( 9.3, 10.5)",20.7,"(18.0, 23.6)",22.9,"(22.1, 23.7)",2.5,"( 2.4,  2.7)",27.9,"(24.9, 30.9)",76.6,"(73.3, 79.6)",17.4,"(16.1, 18.8)",38.6,"(37.2, 39.9)",11.4,"(10.3, 12.5)",32.8,"(31.4, 34.0)",2.4,"( 2.2,  2.6)",19.4,"(14.3, 24.7)",POINT (-122.8549434 45.13489878),12,2409
OR,Oregon,Marion,41047,41047001402,5662,10.7,"( 9.0, 12.8)",23.8,"(22.5, 25.0)",15.8,"(15.2, 16.5)",29.7,"(28.5, 30.9)",69.6,"(68.3, 70.9)",6.6,"( 6.2,  6.9)",11.0,"(10.5, 11.5)",84.4,"(82.2, 86.5)",5.6,"( 5.1,  6.1)",73.8,"(72.8, 74.6)",86.5,"(86.2, 86.9)",75.2,"(72.2, 78.0)",6.4,"( 5.5,  7.4)",48.2,"(40.2, 55.5)",49.7,"(42.5, 56.6)",15.4,"(12.9, 17.8)",67.5,"(64.2, 70.7)",24.8,"(23.5, 26.1)",8.9,"( 8.2,  9.6)",13.5,"(11.8, 15.4)",27.4,"(26.6, 28.4)",2.7,"( 2.5,  2.9)",18.3,"(16.3, 20.4)",77.9,"(74.1, 81.4)",15.7,"(14.6, 16.8)",33.4,"(32.0, 34.7)",9.9,"( 8.9, 11.0)",30.5,"(29.1, 31.8)",2.8,"( 2.5,  3.1)",11.5,"( 7.3, 16.6)",POINT (-123.0355896 44.98884778),12,2409
